STT,MSSV,Ho Ten,Lop,Khoa,Diem TB,Thoi Gian TB (h),Tham Gia (%),Nop Muon,Muc Do,Bat Thuong
1,"122001101","Hoàng Ngọc Yến","22CT111","CT",9.2,3.4,95,0,"Yeu","Co"
2,"122001102","Bùi Văn Dũng","22CT111","CT",9.3,3.2,96,1,"Yeu","Co"
3,"122001103","Đặng Đức Thắng","22CT111","CT",9.3,3.0,80,7,"Yeu","Co"
4,"122001104","Hoàng Khánh Linh","22CT111","CT",9.2,3.3,91,6,"Yeu","Co"
5,"122001105","Đặng Minh Đạt","22CT111","CT",9.1,3.6,71,4,"Yeu","Co"
6,"122001106","Đặng Thanh Ngọc","22CT111","CT",9.5,3.0,87,8,"Yeu","Co"
7,"122001107","Trần Tuấn Quân","22CT111","CT",9.6,3.8,73,4,"Yeu","Co"
8,"122001108","Vũ Hoài Yến","22CT111","CT",7.8,2.1,76,0,"Xuat sac","Khong"
9,"122001109","Nguyễn Văn Thắng","22CT111","CT",7.8,2.8,94,7,"Trung binh","Co"
10,"122001110","Lê Mỹ Mai","22CT111","CT",7.9,2.7,97,8,"Trung binh","Co"
11,"122001111","Đỗ Hoài Mai","22CT111","CT",8.1,2.9,94,7,"Yeu","Co"
12,"122001112","Vũ Khánh Hương","22CT111","CT",7.7,2.6,99,2,"Xuat sac","Khong"
13,"122001113","Vũ Anh Hùng","22CT111","CT",7.8,2.7,91,5,"Trung binh","Co"
14,"122001114","Trần Đức Tuấn","22CT111","CT",7.8,2.5,79,2,"Xuat sac","Khong"
15,"122001115","Trần Anh Dũng","22CT111","CT",7.9,2.9,85,7,"Yeu","Co"
16,"122001116","Đặng Thùy Mai","22CT111","CT",7.7,2.7,99,4,"Xuat sac","Khong"
17,"122001117","Hoàng Thanh Hà","22CT111","CT",7.7,2.8,79,1,"Xuat sac","Khong"
18,"122001118","Đỗ Phương Hà","22CT111","CT",6,1.7,87,3,"Kha","Khong"
19,"122001119","Bùi Phương Hương","22CT111","CT",5.9,1.8,74,6,"Yeu","Co"
20,"122001120","Trần Hữu Hùng","22CT111","CT",5.7,1.6,71,5,"Yeu","Co"
21,"122001121","Phạm Tuấn Tuấn","22CT111","CT",5.6,1.9,75,5,"Yeu","Co"
22,"122001122","Lê Hữu Quân","22CT111","CT",5.8,1.7,89,5,"Yeu","Co"
23,"122001123","Nguyễn Văn Quân","22CT111","CT",5.9,1.9,79,1,"Kha","Khong"
24,"122001124","Hoàng Hữu Minh","22CT111","CT",6.5,1.8,95,7,"Trung binh","Co"
25,"122001125","Vũ Anh Dũng","22CT111","CT",5.9,1.6,99,8,"Yeu","Co"
26,"122001126","Vũ Thùy Trang","22CT111","CT",3.7,0.7,88,3,"Trung binh","Khong"
27,"122001127","Hoàng Hoài Lan","22CT111","CT",6.3,1.7,96,5,"Yeu","Co"
28,"122001128","Phạm Đức Đạt","22CT111","CT",6.3,1.8,83,8,"Yeu","Co"
29,"122001129","Lê Minh Minh","22CT111","CT",6.5,2.0,92,3,"Kha","Khong"
30,"122001130","Bùi Thùy Mai","22CT111","CT",5.4,0.5,84,6,"Yeu","Co"
31,"122001131","Đỗ Ngọc Hạnh","22CT111","CT",6,0.8,78,1,"Kha","Khong"
32,"122001132","Trần Mỹ Thảo","22CT111","CT",5.1,0.5,93,1,"Kha","Khong"
33,"122001133","Nguyễn Hoài Lan","22CT111","CT",8.1,1.0,71,2,"Yeu","Co"
34,"122001134","Võ Thùy Trang","22CT111","CT",5.7,0.5,99,4,"Trung binh","Khong"
35,"122001135","Đỗ Phương Lan","22CT111","CT",6.6,1.2,78,4,"Trung binh","Khong"
36,"122001136","Nguyễn Quốc Long","22CT111","CT",3.6,1.0,87,6,"Yeu","Co"
37,"122001137","Trần Quốc Đạt","22CT111","CT",3.7,1.1,87,4,"Trung binh","Khong"
38,"122001138","Phạm Thị Hương","22CT111","CT",3.2,1.1,74,7,"Yeu","Co"
39,"122001139","Hoàng Hoài Hạnh","22CT111","CT",3.6,1.2,73,1,"Trung binh","Khong"
40,"122001140","Hoàng Minh Quân","22CT111","CT",8.3,0.8,87,5,"Yeu","Co"
41,"122001141","Võ Khánh Yến","22CT111","CT",4.5,0.9,72,6,"Yeu","Co"
42,"122001142","Vũ Thùy Hương","22CT111","CT",5.4,0.4,73,4,"Trung binh","Khong"
43,"122001143","Trần Quốc Đạt","22CT111","CT",9.5,0.4,85,6,"Yeu","Co"
44,"122001144","Đỗ Anh Hùng","22CT111","CT",6.5,0.7,93,1,"Kha","Khong"
45,"122001145","Hoàng Minh Khang","22CT111","CT",7.5,0.7,85,3,"Trung binh","Co"
46,"122001146","Đỗ Văn Khang","22CT111","CT",8.2,0.8,94,6,"Yeu","Co"
47,"122001147","Nguyễn Anh Tuấn","22CT111","CT",6.5,1.1,83,1,"Kha","Khong"
48,"122001148","Bùi Minh Phong","22CT111","CT",6.7,1.1,89,4,"Kha","Khong"
49,"122001201","Võ Mỹ Ngọc","22CT112","CT",9.7,3.2,89,7,"Yeu","Co"
50,"122001202","Nguyễn Hoài Hương","22CT112","CT",9.3,3.3,85,2,"Yeu","Co"
51,"122001203","Võ Thị Hà","22CT112","CT",8.9,3.0,89,5,"Yeu","Co"
52,"122001204","Trần Anh Thắng","22CT112","CT",9.3,3.1,92,7,"Yeu","Co"
53,"122001205","Trần Thanh Thảo","22CT112","CT",9.7,3.7,75,7,"Yeu","Co"
54,"122001206","Đỗ Hoài Hà","22CT112","CT",9.3,3.5,73,6,"Yeu","Co"
55,"122001207","Vũ Văn Dũng","22CT112","CT",9.4,3.5,85,3,"Yeu","Co"
56,"122001208","Lê Hoàng Hùng","22CT112","CT",9.4,3.1,73,1,"Yeu","Co"
57,"122001209","Võ Hoài Hương","22CT112","CT",9.2,3.2,87,6,"Yeu","Co"
58,"122001210","Hoàng Thanh Ngọc","22CT112","CT",9.3,3.8,80,3,"Yeu","Co"
59,"122001211","Đặng Hữu Minh","22CT112","CT",9.2,3.4,83,4,"Yeu","Co"
60,"122001212","Bùi Tuấn Phong","22CT112","CT",9.5,3.6,71,7,"Yeu","Co"
61,"122001213","Trần Ngọc Linh","22CT112","CT",7.4,2.6,72,8,"Yeu","Co"
62,"122001214","Phạm Đức Long","22CT112","CT",7.3,2.8,94,7,"Trung binh","Co"
63,"122001215","Nguyễn Quốc Khang","22CT112","CT",7.9,2.6,76,3,"Kha","Khong"
64,"122001216","Hoàng Thanh Thảo","22CT112","CT",7.7,2.6,88,0,"Xuat sac","Khong"
65,"122001217","Bùi Thùy Linh","22CT112","CT",7.9,2.8,94,2,"Xuat sac","Khong"
66,"122001218","Hoàng Đức Phong","22CT112","CT",7.5,2.7,99,6,"Trung binh","Co"
67,"122001219","Đặng Minh Minh","22CT112","CT",7.8,2.5,77,1,"Xuat sac","Khong"
68,"122001220","Đỗ Anh Quân","22CT112","CT",7.8,2.5,96,2,"Xuat sac","Khong"
69,"122001221","Trần Đức Khang","22CT112","CT",7.9,2.4,92,7,"Yeu","Co"
70,"122001222","Võ Thị Mai","22CT112","CT",6,1.7,89,2,"Kha","Khong"
71,"122001223","Đỗ Ngọc Thảo","22CT112","CT",5.5,1.7,96,0,"Kha","Khong"
72,"122001224","Bùi Hoài Ngọc","22CT112","CT",5.9,1.8,83,4,"Trung binh","Khong"
73,"122001225","Vũ Đức Tuấn","22CT112","CT",5.8,1.7,93,7,"Yeu","Co"
74,"122001226","Đỗ Văn Khang","22CT112","CT",5.7,1.6,85,3,"Kha","Khong"
75,"122001227","Phạm Văn Tuấn","22CT112","CT",6.1,1.8,100,5,"Yeu","Co"
76,"122001228","Đỗ Tuấn Tuấn","22CT112","CT",6.2,1.8,98,1,"Xuat sac","Khong"
77,"122001229","Vũ Thị Linh","22CT112","CT",7.4,1.0,75,2,"Trung binh","Co"
78,"122001230","Vũ Ngọc Yến","22CT112","CT",3.2,0.8,85,5,"Yeu","Co"
79,"122001231","Đặng Khánh Hà","22CT112","CT",9.1,1.4,96,3,"Yeu","Co"
80,"122001232","Phạm Phương Trang","22CT112","CT",5,0.5,74,4,"Trung binh","Khong"
81,"122001233","Trần Văn Long","22CT112","CT",2.1,0.6,87,7,"Yeu","Co"
82,"122001234","Phạm Thị Hương","22CT112","CT",9.7,1.0,83,7,"Yeu","Co"
83,"122001235","Phạm Hữu Khang","22CT112","CT",6.2,1.9,90,4,"Kha","Khong"
84,"122001236","Bùi Thùy Ngọc","22CT112","CT",3,1.0,96,2,"Trung binh","Khong"
85,"122001237","Đặng Khánh Trang","22CT112","CT",3.4,1.4,95,6,"Yeu","Co"
86,"122001238","Đỗ Hoàng Long","22CT112","CT",4.2,1.2,71,5,"Yeu","Co"
87,"122001239","Bùi Thùy Hà","22CT112","CT",3.6,1.4,77,5,"Yeu","Co"
88,"122001240","Bùi Thùy Thảo","22CT112","CT",6.1,1.1,81,4,"Trung binh","Khong"
89,"122001241","Nguyễn Hoàng Tuấn","22CT112","CT",5.1,0.8,70,7,"Yeu","Co"
90,"122001242","Đỗ Phương Linh","22CT112","CT",8,0.7,80,6,"Yeu","Co"
91,"122001243","Phạm Phương Lan","22CT112","CT",7.3,1.2,89,8,"Yeu","Co"
92,"122001244","Võ Quốc Đạt","22CT112","CT",9.6,0.5,78,7,"Yeu","Co"
93,"123001101","Võ Anh Dũng","23CT111","CT",9.6,3.2,89,4,"Yeu","Co"
94,"123001102","Nguyễn Minh Dũng","23CT111","CT",9.5,3.7,90,2,"Yeu","Co"
95,"123001103","Vũ Minh Tuấn","23CT111","CT",9,3.0,79,5,"Yeu","Co"
96,"123001104","Phạm Anh Long","23CT111","CT",9.6,3.0,97,0,"Yeu","Co"
97,"123001105","Lê Tuấn Đạt","23CT111","CT",9.3,3.8,97,6,"Yeu","Co"
98,"123001106","Hoàng Thanh Trang","23CT111","CT",7.7,2.7,77,8,"Trung binh","Co"
99,"123001107","Vũ Hoàng Đạt","23CT111","CT",7.4,2.7,84,4,"Kha","Khong"
100,"123001108","Nguyễn Hoài Hà","23CT111","CT",7.5,2.9,71,8,"Trung binh","Co"
101,"123001109","Hoàng Thị Hà","23CT111","CT",7.6,2.7,71,3,"Kha","Khong"
102,"123001110","Đỗ Đức Hùng","23CT111","CT",8.2,3.0,93,2,"Yeu","Co"
103,"123001111","Đặng Quốc Minh","23CT111","CT",7.9,3.0,89,4,"Xuat sac","Khong"
104,"123001112","Đặng Mỹ Hà","23CT111","CT",8.1,2.9,95,6,"Yeu","Co"
105,"123001113","Nguyễn Minh Long","23CT111","CT",7.3,2.7,88,5,"Trung binh","Co"
106,"123001114","Vũ Anh Thắng","23CT111","CT",7.8,2.5,90,5,"Trung binh","Co"
107,"123001115","Bùi Ngọc Thảo","23CT111","CT",7.2,2.7,79,7,"Trung binh","Co"
108,"123001116","Võ Thùy Lan","23CT111","CT",7.8,2.4,98,3,"Xuat sac","Khong"
109,"123001117","Đỗ Thị Hà","23CT111","CT",7.7,2.6,80,8,"Trung binh","Co"
110,"123001118","Đỗ Tuấn Khang","23CT111","CT",7.7,2.6,71,1,"Xuat sac","Khong"
111,"123001119","Phạm Hoàng Minh","23CT111","CT",7.8,2.4,87,5,"Trung binh","Co"
112,"123001120","Đặng Hoàng Minh","23CT111","CT",6,1.9,88,4,"Trung binh","Khong"
113,"123001121","Trần Văn Phong","23CT111","CT",6.7,0.7,82,3,"Kha","Khong"
114,"123001122","Đỗ Phương Trang","23CT111","CT",5.8,0.8,85,8,"Yeu","Co"
115,"123001123","Lê Minh Minh","23CT111","CT",4.8,0.5,71,8,"Yeu","Co"
116,"123001124","Đặng Phương Mai","23CT111","CT",5.3,0.8,100,5,"Yeu","Co"
117,"123001125","Lê Phương Thảo","23CT111","CT",3.2,1.1,97,3,"Trung binh","Khong"
118,"123001126","Vũ Anh Dũng","23CT111","CT",4,1.3,100,6,"Yeu","Co"
119,"123001127","Võ Mỹ Mai","23CT111","CT",3,1.0,75,8,"Yeu","Co"
120,"123001128","Võ Văn Minh","23CT111","CT",3,1.2,94,2,"Trung binh","Khong"
121,"123001129","Vũ Ngọc Thảo","23CT111","CT",7.9,1.1,88,7,"Yeu","Co"
122,"123001130","Nguyễn Anh Hùng","23CT111","CT",7.5,0.8,98,7,"Yeu","Co"
123,"123001131","Lê Thanh Mai","23CT111","CT",7.3,0.9,72,6,"Yeu","Co"
124,"123001132","Võ Ngọc Lan","23CT111","CT",5.9,0.6,78,3,"Trung binh","Khong"
125,"123001133","Phạm Đức Dũng","23CT111","CT",9.4,0.3,96,6,"Yeu","Co"
126,"123001134","Lê Khánh Hạnh","23CT111","CT",2.4,0.8,93,0,"Trung binh","Khong"
127,"123001135","Bùi Hữu Tuấn","23CT111","CT",4.4,0.9,83,0,"Trung binh","Khong"
128,"123001201","Bùi Anh Phong","23CT112","CT",8.9,3.7,90,1,"Yeu","Co"
129,"123001202","Hoàng Phương Lan","23CT112","CT",9.1,3.6,87,7,"Yeu","Co"
130,"123001203","Lê Hoài Mai","23CT112","CT",9.2,3.7,100,3,"Yeu","Co"
131,"123001204","Vũ Ngọc Hương","23CT112","CT",9.6,3.6,96,6,"Yeu","Co"
132,"123001205","Lê Quốc Dũng","23CT112","CT",9.5,3.4,74,1,"Yeu","Co"
133,"123001206","Bùi Quốc Khang","23CT112","CT",9.2,3.3,78,1,"Yeu","Co"
134,"123001207","Trần Minh Dũng","23CT112","CT",9.3,3.4,85,5,"Yeu","Co"
135,"123001208","Bùi Thùy Ngọc","23CT112","CT",9.4,3.3,78,1,"Yeu","Co"
136,"123001209","Đặng Thùy Hương","23CT112","CT",8,3.0,74,2,"Yeu","Co"
137,"123001210","Vũ Tuấn Quân","23CT112","CT",7.8,2.5,74,8,"Trung binh","Co"
138,"123001211","Võ Quốc Đạt","23CT112","CT",7.6,2.8,90,4,"Xuat sac","Khong"
139,"123001212","Đỗ Mỹ Lan","23CT112","CT",8.1,2.3,85,8,"Yeu","Co"
140,"123001213","Nguyễn Thanh Thảo","23CT112","CT",7.4,2.4,91,2,"Kha","Khong"
141,"123001214","Vũ Tuấn Tuấn","23CT112","CT",7.7,3.1,79,8,"Trung binh","Co"
142,"123001215","Đặng Tuấn Quân","23CT112","CT",7.7,2.5,86,1,"Xuat sac","Khong"
143,"123001216","Lê Văn Dũng","23CT112","CT",7.7,2.5,73,7,"Trung binh","Co"
144,"123001217","Đỗ Thùy Thảo","23CT112","CT",7.4,2.4,71,4,"Kha","Khong"
145,"123001218","Võ Mỹ Lan","23CT112","CT",7.8,3.1,73,0,"Xuat sac","Khong"
146,"123001219","Phạm Đức Quân","23CT112","CT",7.7,2.7,93,5,"Trung binh","Co"
147,"123001220","Bùi Đức Quân","23CT112","CT",7.9,2.7,78,7,"Trung binh","Co"
148,"123001221","Phạm Hoàng Hùng","23CT112","CT",7.8,2.7,94,7,"Trung binh","Co"
149,"123001222","Trần Thị Mai","23CT112","CT",7.7,2.6,96,3,"Xuat sac","Khong"
150,"123001223","Hoàng Thùy Lan","23CT112","CT",7.8,2.5,100,0,"Xuat sac","Khong"
151,"123001224","Hoàng Hữu Long","23CT112","CT",8,2.5,71,3,"Yeu","Co"
152,"123001225","Hoàng Anh Đạt","23CT112","CT",7.5,2.6,92,5,"Trung binh","Co"
153,"123001226","Đặng Đức Thắng","23CT112","CT",7.8,2.7,94,8,"Trung binh","Co"
154,"123001227","Bùi Hữu Hùng","23CT112","CT",5.7,2.1,74,4,"Kha","Khong"
155,"123001228","Hoàng Anh Minh","23CT112","CT",5.9,1.6,81,0,"Kha","Khong"
156,"123001229","Lê Hoài Lan","23CT112","CT",6,2.1,83,8,"Yeu","Co"
157,"123001230","Đỗ Mỹ Ngọc","23CT112","CT",6,1.7,71,2,"Kha","Khong"
158,"123001231","Đặng Mỹ Mai","23CT112","CT",5.8,1.6,93,2,"Kha","Khong"
159,"123001232","Bùi Tuấn Long","23CT112","CT",6,1.8,75,1,"Kha","Khong"
160,"123001233","Võ Mỹ Linh","23CT112","CT",6,1.6,94,5,"Yeu","Co"
161,"123001234","Đặng Khánh Thảo","23CT112","CT",5.36,2.5,67,7,"Yeu","Co"
162,"123001235","Phạm Thị Ngọc","23CT112","CT",8.63,2.5,92,8,"Yeu","Co"
163,"123001236","Bùi Thanh Trang","23CT112","CT",5.8,2.1,73,1,"Kha","Khong"
164,"123001237","Đỗ Hữu Khang","23CT112","CT",5.5,1.7,90,2,"Kha","Khong"
165,"123001238","Phạm Mỹ Yến","23CT112","CT",10,3.7,96,1,"Yeu","Co"
166,"123001239","Hoàng Anh Minh","23CT112","CT",4.44,2.7,67,12,"Yeu","Co"
167,"123001240","Võ Tuấn Phong","23CT112","CT",9.88,4.8,95,3,"Yeu","Co"
168,"123001241","Trần Hữu Tuấn","23CT112","CT",6.6,1.8,73,2,"Kha","Khong"
169,"123001242","Bùi Khánh Yến","23CT112","CT",5.7,1.9,78,8,"Yeu","Co"
170,"123001243","Bùi Thanh Ngọc","23CT112","CT",4.19,1.3,76,11,"Yeu","Co"
171,"123001244","Vũ Hữu Dũng","23CT112","CT",8.71,2.9,84,4,"Yeu","Co"
172,"123001245","Trần Hoài Linh","23CT112","CT",8.69,2.7,90,3,"Yeu","Co"
173,"123001246","Đặng Ngọc Hạnh","23CT112","CT",5.8,1.9,70,7,"Yeu","Co"
174,"123001247","Hoàng Thị Hạnh","23CT112","CT",3.3,1.1,96,2,"Yeu","Co"
175,"123001248","Võ Thùy Ngọc","23CT112","CT",3.8,1.2,89,6,"Yeu","Co"
176,"123001249","Võ Quốc Dũng","23CT112","CT",3.5,1.3,88,0,"Trung binh","Khong"
177,"123001250","Trần Khánh Mai","23CT112","CT",3.4,0.9,77,0,"Trung binh","Khong"
178,"123001251","Vũ Hoàng Quân","23CT112","CT",3.8,1.1,85,1,"Trung binh","Khong"
179,"123001252","Võ Khánh Hạnh","23CT112","CT",3.6,1.0,99,2,"Trung binh","Khong"
180,"123001253","Hoàng Ngọc Hương","23CT112","CT",3.94,1.6,67,10,"Yeu","Co"
181,"123001254","Đặng Ngọc Mai","23CT112","CT",9.14,2.9,90,8,"Yeu","Co"
182,"123001255","Bùi Minh Minh","23CT112","CT",10,2.8,94,2,"Yeu","Co"
183,"123001256","Lê Minh Tuấn","23CT112","CT",6.41,1.2,77,7,"Yeu","Co"
184,"123001257","Đỗ Hữu Dũng","23CT112","CT",8.89,2.8,93,5,"Yeu","Co"
185,"123001258","Nguyễn Hoàng Hùng","23CT112","CT",2.91,0.7,56,18,"Yeu","Co"
186,"123001259","Đặng Hoài Ngọc","23CT112","CT",7.1,1.9,75,12,"Yeu","Co"
187,"123001260","Phạm Hữu Hùng","23CT112","CT",9.4,0.4,91,2,"Yeu","Co"
188,"123001261","Đặng Minh Minh","23CT112","CT",7.67,3.6,94,8,"Yeu","Co"
189,"123001262","Đặng Mỹ Thảo","23CT112","CT",4.47,1.3,85,5,"Yeu","Co"
190,"124001101","Đặng Hữu Dũng","24CT111","CT",9.1,3.6,71,5,"Yeu","Co"
191,"124001102","Vũ Thùy Lan","24CT111","CT",8.9,2.8,82,2,"Yeu","Co"
192,"124001103","Lê Đức Hùng","24CT111","CT",9.2,3.6,77,4,"Yeu","Co"
193,"124001104","Bùi Khánh Thảo","24CT111","CT",9.2,3.0,84,4,"Yeu","Co"
194,"124001105","Đặng Hoài Hạnh","24CT111","CT",9.4,3.3,79,4,"Yeu","Co"
195,"124001106","Võ Thùy Thảo","24CT111","CT",9.2,3.4,92,4,"Yeu","Co"
196,"124001107","Phạm Phương Ngọc","24CT111","CT",9.3,3.6,86,7,"Yeu","Co"
197,"124001108","Phạm Hữu Phong","24CT111","CT",9,3.1,75,7,"Yeu","Co"
198,"124001109","Trần Anh Long","24CT111","CT",7.3,2.4,88,0,"Xuat sac","Khong"
199,"124001110","Lê Mỹ Hà","24CT111","CT",7.5,2.7,87,0,"Xuat sac","Khong"
200,"124001111","Phạm Thị Hương","24CT111","CT",7.9,2.7,80,5,"Yeu","Co"
201,"124001112","Lê Phương Trang","24CT111","CT",8,2.6,94,7,"Yeu","Co"
202,"124001113","Hoàng Minh Quân","24CT111","CT",7.9,2.5,71,8,"Trung binh","Co"
203,"124001114","Đặng Khánh Hạnh","24CT111","CT",8.1,2.6,87,4,"Yeu","Co"
204,"124001115","Võ Hoàng Long","24CT111","CT",7.8,2.8,78,7,"Trung binh","Co"
205,"124001116","Hoàng Hữu Long","24CT111","CT",7.7,2.9,85,5,"Trung binh","Co"
206,"124001117","Vũ Hữu Khang","24CT111","CT",7.5,2.5,91,5,"Trung binh","Co"
207,"124001118","Đặng Hoàng Khang","24CT111","CT",7.6,2.8,90,8,"Trung binh","Co"
208,"124001119","Phạm Văn Đạt","24CT111","CT",8,2.6,79,4,"Yeu","Co"
209,"124001120","Hoàng Hoàng Minh","24CT111","CT",6.1,1.8,86,4,"Kha","Khong"
210,"124001121","Trần Minh Tuấn","24CT111","CT",6.5,1.9,85,0,"Kha","Khong"
211,"124001122","Hoàng Thùy Hà","24CT111","CT",6,1.6,87,8,"Yeu","Co"
212,"124001123","Hoàng Hoài Ngọc","24CT111","CT",5.6,2.0,88,2,"Kha","Khong"
213,"124001124","Võ Văn Long","24CT111","CT",7.8,0.8,96,0,"Trung binh","Co"
214,"124001125","Nguyễn Mỹ Hương","24CT111","CT",6,1.8,73,7,"Yeu","Co"
215,"124001126","Trần Hoàng Hùng","24CT111","CT",5.8,1.7,84,2,"Kha","Khong"
216,"124001127","Đỗ Tuấn Phong","24CT111","CT",6,0.6,92,2,"Kha","Khong"
217,"124001128","Bùi Hoài Hạnh","24CT111","CT",5.7,0.6,80,1,"Trung binh","Khong"
218,"124001129","Võ Hoàng Phong","24CT111","CT",5.6,0.9,94,0,"Kha","Khong"
219,"124001130","Hoàng Hữu Quân","24CT111","CT",7.6,1.2,72,4,"Yeu","Co"
220,"124001131","Đỗ Anh Thắng","24CT111","CT",5.3,0.7,70,0,"Trung binh","Khong"
221,"124001132","Trần Thị Lan","24CT111","CT",8,0.9,94,1,"Yeu","Co"
222,"124001133","Vũ Mỹ Hạnh","24CT111","CT",5.9,1.8,92,0,"Kha","Khong"
223,"124001134","Trần Tuấn Đạt","24CT111","CT",8.8,0.9,78,1,"Yeu","Co"
224,"124001135","Đỗ Đức Minh","24CT111","CT",6.3,0.8,79,3,"Trung binh","Khong"
225,"124001136","Nguyễn Đức Minh","24CT111","CT",5.4,0.8,87,6,"Yeu","Co"
226,"124001137","Đỗ Văn Phong","24CT111","CT",1.86,0.2,37,18,"Yeu","Co"
227,"124001138","Lê Văn Khang","24CT111","CT",6.46,2.2,65,12,"Yeu","Co"
228,"124001139","Bùi Tuấn Thắng","24CT111","CT",7.92,3.0,96,0,"Xuat sac","Khong"
229,"124001140","Trần Hoàng Tuấn","24CT111","CT",5.72,-0.0,52,16,"Chua du du lieu","Khong"
230,"124001141","Hoàng Phương Linh","24CT111","CT",5.8,1.8,72,7,"Yeu","Co"
231,"124001142","Vũ Tuấn Hùng","24CT111","CT",2.9,1.1,71,7,"Yeu","Co"
232,"124001143","Hoàng Thanh Thảo","24CT111","CT",3.8,1.1,81,1,"Trung binh","Khong"
233,"124001144","Lê Tuấn Phong","24CT111","CT",6,1.2,76,7,"Yeu","Co"
234,"124001145","Vũ Ngọc Linh","24CT111","CT",8.01,3.1,84,2,"Yeu","Co"
235,"124001146","Đỗ Hữu Phong","24CT111","CT",9.67,4.0,98,1,"Yeu","Co"
236,"124001147","Lê Văn Khang","24CT111","CT",7.28,2.9,95,6,"Trung binh","Co"
237,"124001148","Phạm Thị Hương","24CT111","CT",7.86,1.6,89,6,"Yeu","Co"
238,"124001149","Võ Ngọc Mai","24CT111","CT",9.5,0.3,83,1,"Yeu","Co"
239,"124001150","Phạm Thị Trang","24CT111","CT",9.2,0.1,97,2,"Yeu","Co"
240,"124001151","Hoàng Đức Hùng","24CT111","CT",9.4,0.3,84,7,"Yeu","Co"
241,"124001152","Nguyễn Khánh Thảo","24CT111","CT",3.65,1.6,64,25,"Yeu","Co"
242,"124001153","Võ Tuấn Long","24CT111","CT",8.2,2.5,92,2,"Yeu","Co"
243,"124001154","Đặng Mỹ Lan","24CT111","CT",10,3.8,91,1,"Yeu","Co"
244,"124001155","Trần Tuấn Quân","24CT111","CT",2.19,0.7,42,16,"Yeu","Co"
245,"124001156","Lê Minh Dũng","24CT111","CT",6.59,1.0,73,15,"Yeu","Co"
246,"124001201","Phạm Thị Mai","24CT112","CT",9.3,3.4,99,2,"Yeu","Co"
247,"124001202","Nguyễn Mỹ Hạnh","24CT112","CT",9.4,3.4,80,1,"Yeu","Co"
248,"124001203","Đặng Thị Linh","24CT112","CT",9,3.4,92,4,"Yeu","Co"
249,"124001204","Lê Đức Đạt","24CT112","CT",8.9,3.6,72,7,"Yeu","Co"
250,"124001205","Đặng Văn Đạt","24CT112","CT",9.3,3.4,74,4,"Yeu","Co"
251,"124001206","Võ Hữu Phong","24CT112","CT",7.8,2.5,79,5,"Trung binh","Co"
252,"124001207","Vũ Đức Tuấn","24CT112","CT",7.6,3.0,91,5,"Trung binh","Co"
253,"124001208","Đỗ Hoàng Hùng","24CT112","CT",8,2.8,93,1,"Yeu","Co"
254,"124001209","Trần Khánh Linh","24CT112","CT",7.6,2.5,96,7,"Trung binh","Co"
255,"124001210","Bùi Hữu Long","24CT112","CT",7.8,2.2,79,0,"Xuat sac","Khong"
256,"124001211","Vũ Hoàng Phong","24CT112","CT",7.6,2.5,92,6,"Trung binh","Co"
257,"124001212","Nguyễn Anh Minh","24CT112","CT",7.9,2.9,85,8,"Yeu","Co"
258,"124001213","Trần Minh Phong","24CT112","CT",8.1,2.7,96,0,"Yeu","Co"
259,"124001214","Đặng Hoài Thảo","24CT112","CT",7.9,3.0,100,3,"Xuat sac","Khong"
260,"124001215","Trần Thùy Linh","24CT112","CT",7.7,2.8,92,4,"Xuat sac","Khong"
261,"124001216","Bùi Ngọc Hương","24CT112","CT",8.1,2.9,90,0,"Yeu","Co"
262,"124001217","Võ Quốc Quân","24CT112","CT",7.8,2.3,91,8,"Trung binh","Co"
263,"124001218","Bùi Khánh Thảo","24CT112","CT",7.5,3.0,83,4,"Kha","Khong"
264,"124001219","Đặng Hoàng Quân","24CT112","CT",5.5,1.9,84,6,"Yeu","Co"
265,"124001220","Vũ Hoài Hương","24CT112","CT",6,1.9,77,1,"Kha","Khong"
266,"124001221","Trần Phương Hà","24CT112","CT",6.1,1.6,80,2,"Kha","Khong"
267,"124001222","Võ Quốc Quân","24CT112","CT",6.5,1.8,97,7,"Yeu","Co"
268,"124001223","Phạm Anh Quân","24CT112","CT",6.5,1.9,70,2,"Kha","Khong"
269,"124001224","Nguyễn Khánh Linh","24CT112","CT",5.8,1.8,81,5,"Yeu","Co"
270,"124001225","Phạm Phương Lan","24CT112","CT",6.3,1.8,92,8,"Yeu","Co"
271,"124001226","Vũ Thị Hương","24CT112","CT",6.1,1.6,88,4,"Kha","Khong"
272,"124001227","Đỗ Thanh Ngọc","24CT112","CT",6.6,1.6,83,5,"Yeu","Co"
273,"124001228","Đỗ Minh Dũng","24CT112","CT",5.8,1.8,92,6,"Yeu","Co"
274,"124001229","Nguyễn Hữu Long","24CT112","CT",9.31,2.6,97,1,"Yeu","Co"
275,"124001230","Nguyễn Văn Hùng","24CT112","CT",5.19,0.8,76,15,"Yeu","Co"
276,"124001231","Đặng Văn Đạt","24CT112","CT",6.7,1.0,71,8,"Yeu","Co"
277,"124001232","Phạm Tuấn Long","24CT112","CT",4.62,1.3,76,6,"Yeu","Co"
278,"124001233","Hoàng Đức Phong","24CT112","CT",5.6,1.8,75,3,"Trung binh","Khong"
279,"124001234","Đỗ Quốc Long","24CT112","CT",5.6,1.9,80,4,"Trung binh","Khong"
280,"124001235","Bùi Mỹ Mai","24CT112","CT",10,4.2,96,3,"Yeu","Co"
281,"124001236","Phạm Văn Phong","24CT112","CT",10,2.7,93,1,"Yeu","Co"
282,"124001237","Lê Tuấn Quân","24CT112","CT",6.66,2.2,68,15,"Yeu","Co"
283,"124001238","Nguyễn Thanh Mai","24CT112","CT",5.92,1.4,75,12,"Yeu","Co"
284,"124001239","Bùi Tuấn Quân","24CT112","CT",6.5,2.0,74,6,"Yeu","Co"
285,"124001240","Vũ Đức Đạt","24CT112","CT",5.8,2.1,87,5,"Yeu","Co"
286,"124001241","Đỗ Thị Lan","24CT112","CT",3.85,0.7,61,23,"Yeu","Co"
287,"124001242","Nguyễn Hữu Tuấn","24CT112","CT",9.36,2.9,96,1,"Yeu","Co"
288,"124001243","Vũ Quốc Phong","24CT112","CT",6.51,0.7,77,7,"Yeu","Co"
289,"124001244","Vũ Hữu Thắng","24CT112","CT",6.2,1.1,80,4,"Trung binh","Khong"
290,"124001245","Phạm Tuấn Khang","24CT112","CT",3.4,1.1,84,7,"Yeu","Co"
291,"124001246","Phạm Anh Hùng","24CT112","CT",3.2,1.3,96,8,"Yeu","Co"
292,"124001247","Bùi Anh Đạt","24CT112","CT",4,0.7,90,4,"Trung binh","Khong"
293,"124001248","Vũ Thị Yến","24CT112","CT",3,1.3,98,6,"Yeu","Co"
294,"124001249","Nguyễn Hữu Hùng","24CT112","CT",3.8,0.8,88,0,"Trung binh","Khong"
295,"124001250","Trần Đức Quân","24CT112","CT",4.47,1.4,85,13,"Yeu","Co"
296,"124001251","Nguyễn Hữu Quân","24CT112","CT",7.61,2.2,77,10,"Yeu","Co"
297,"124001252","Bùi Hoài Lan","24CT112","CT",9.8,0.3,74,3,"Yeu","Co"
298,"124001253","Võ Hoàng Quân","24CT112","CT",9.5,0.4,96,4,"Yeu","Co"
299,"124001254","Trần Hữu Quân","24CT112","CT",8.44,2.1,82,3,"Yeu","Co"
300,"124001255","Võ Anh Tuấn","24CT112","CT",7.55,1.4,81,7,"Yeu","Co"
301,"124001256","Dương Quốc Hạnh","25CT112","Khoa Công Nghệ Thông Tin",9.83,11.1,93,0,"Xuat sac","Khong"
302,"124001257","Hoàng Thị Sơn","25CT112","Khoa Công Nghệ Thông Tin",8.76,11.8,99,3,"Xuat sac","Khong"
303,"124001258","Vũ Kim Phúc","25CT112","Khoa Công Nghệ Thông Tin",9.65,10.3,92,0,"Xuat sac","Khong"
304,"124001259","Dương Quốc Linh","25CT112","Khoa Công Nghệ Thông Tin",10,10.7,97,3,"Xuat sac","Khong"
305,"124001260","Hoàng Thị Quân","25CT112","Khoa Công Nghệ Thông Tin",8.24,14.4,98,0,"Xuat sac","Khong"
306,"124001261","Phạm Thu Xuân","25CT112","Khoa Công Nghệ Thông Tin",9.56,6.6,62,18,"Yeu","Co"
307,"124001262","Trần Hoàng Em","25CT112","Khoa Công Nghệ Thông Tin",7.89,5.5,61,19,"Yeu","Co"
308,"124001263","Lý Quốc Long","25CT112","Khoa Công Nghệ Thông Tin",9.18,5.3,65,23,"Yeu","Co"
309,"124001264","Ngô Ngọc Sơn","25CT111","Khoa Công Nghệ Thông Tin",6.66,8.9,86,0,"Xuat sac","Khong"
310,"124001265","Đỗ Anh Tâm","25CT111","Khoa Công Nghệ Thông Tin",7.93,10.0,90,1,"Xuat sac","Khong"
311,"124001266","Hoàng Minh Tâm","25CT111","Khoa Công Nghệ Thông Tin",8.14,10.4,91,0,"Xuat sac","Khong"
312,"124001267","Nguyễn Minh Linh","25CT111","Khoa Công Nghệ Thông Tin",6.67,9.3,86,2,"Kha","Khong"
313,"124001268","Đỗ Đức Trang","25CT111","Khoa Công Nghệ Thông Tin",8.02,10.0,92,2,"Xuat sac","Khong"
314,"124001269","Bùi Thị Hùng","25CT113","Khoa Công Nghệ Thông Tin",8.16,4.3,51,25,"Yeu","Co"
315,"124001270","Đặng Thu Thảo","25CT113","Khoa Công Nghệ Thông Tin",6.73,5.4,57,26,"Yeu","Co"
316,"124001271","Bùi Đức Hạnh","25CT113","Khoa Công Nghệ Thông Tin",7.68,5.3,53,24,"Yeu","Co"
317,"124001272","Nguyễn Thanh Phúc","25CT111","Khoa Công Nghệ Thông Tin",5.51,9.7,80,9,"Yeu","Co"
318,"124001273","Lê Quốc Mai","25CT111","Khoa Công Nghệ Thông Tin",6.53,9.1,82,8,"Yeu","Co"
319,"124001274","Hoàng Xuân Thảo","25CT111","Khoa Công Nghệ Thông Tin",4.84,9.9,84,7,"Yeu","Co"
320,"124001275","Dương Thành Bình","25CT111","Khoa Công Nghệ Thông Tin",7.34,8.3,70,9,"Yeu","Co"
321,"124001276","Đỗ Thanh Uyên","25CT111","Khoa Công Nghệ Thông Tin",5.35,8.4,81,6,"Yeu","Co"
322,"124001277","Võ Đức Thảo","25CT111","Khoa Công Nghệ Thông Tin",5.26,3.4,48,39,"Yeu","Co"
323,"124001278","Vũ Thị Hùng","25CT111","Khoa Công Nghệ Thông Tin",6.28,3.4,53,37,"Yeu","Co"
324,"124001279","Võ Anh Phong","25CT111","Khoa Công Nghệ Thông Tin",5.85,4.6,52,33,"Yeu","Co"
325,"124001280","Ngô Xuân Hải","25CT113","Khoa Công Nghệ Thông Tin",3.97,10.6,93,2,"Trung binh","Khong"
326,"124001281","Đặng Thanh Xuân","25CT113","Khoa Công Nghệ Thông Tin",2.67,12.0,95,0,"Yeu","Co"
327,"124001282","Lê Hồng Long","25CT113","Khoa Công Nghệ Thông Tin",3.03,10.0,91,0,"Trung binh","Khong"
328,"124001283","Dương Hồng Giang","25CT112","Khoa Công Nghệ Thông Tin",3.81,2.5,33,35,"Yeu","Co"
329,"124001284","Đỗ Đức Mai","25CT112","Khoa Công Nghệ Thông Tin",3.25,3.3,44,28,"Yeu","Co"
330,"124001285","Đặng Hồng Quân","25CT112","Khoa Công Nghệ Thông Tin",3.07,2.4,34,33,"Yeu","Co"
331,"124001286","Bùi Hồng Hùng","25CT111","Khoa Công Nghệ Thông Tin",10,0.8,84,2,"Yeu","Co"
332,"124001287","Vũ Hữu Xuân","25CT111","Khoa Công Nghệ Thông Tin",8.48,1.4,92,2,"Yeu","Co"
333,"124001288","Phạm Minh Cường","25CT112","Khoa Công Nghệ Thông Tin",7.56,38.1,71,7,"Yeu","Co"
334,"124001289","Đặng Ngọc Phong","25CT112","Khoa Công Nghệ Thông Tin",6.82,30.5,77,9,"Yeu","Co"
335,"124001290","Vũ Hoàng Em","25CT111","Khoa Công Nghệ Thông Tin",8.97,7.6,21,1,"Yeu","Co"
336,"124001291","Trần Hồng Giang","25CT111","Khoa Công Nghệ Thông Tin",9.14,6.9,28,0,"Yeu","Co"
337,"125001001","Sinh viên mẫu 125001001","25CT111","Khoa Công Nghệ Thông Tin",5.5874999999999995,3.5,70,4,"Trung binh","Khong"
338,"125001002","Sinh viên mẫu 125001002","24CT112","Khoa Công Nghệ Thông Tin",7.4825,2.7,76,2,"Kha","Khong"
339,"125001003","Sinh viên mẫu 125001003","24CT111","Khoa Công Nghệ Thông Tin",9.1875,2.5,99,1,"Xuat sac","Khong"
340,"125001004","Sinh viên mẫu 125001004","24CT111","Khoa Công Nghệ Thông Tin",2.8625,2.6,71,13,"Yeu","Co"
341,"125001005","Sinh viên mẫu 125001005","25CT111","Khoa Công Nghệ Thông Tin",6.297499999999999,3.2,76,5,"Yeu","Co"
342,"125001006","Sinh viên mẫu 125001006","25CT112","Khoa Công Nghệ Thông Tin",9.165,3.0,99,1,"Xuat sac","Khong"
343,"125001007","Sinh viên mẫu 125001007","25CT111","Khoa Công Nghệ Thông Tin",7.4325,3.0,84,2,"Xuat sac","Khong"
344,"125001008","Sinh viên mẫu 125001008","25CT112","Khoa Công Nghệ Thông Tin",7.395,3.4,75,6,"Trung binh","Co"
345,"125001009","Sinh viên mẫu 125001009","24CT111","Khoa Công Nghệ Thông Tin",2.33,2.5,64,19,"Yeu","Co"
346,"125001010","Sinh viên mẫu 125001010","25CT111","Khoa Công Nghệ Thông Tin",6.495,2.4,78,4,"Trung binh","Khong"
347,"125001011","Sinh viên mẫu 125001011","25CT113","Khoa Công Nghệ Thông Tin",7.995,4.0,80,4,"Xuat sac","Khong"
348,"125001012","Sinh viên mẫu 125001012","25CT113","Khoa Công Nghệ Thông Tin",2.7725,3.2,59,18,"Yeu","Co"
349,"125001013","Sinh viên mẫu 125001013","24CT112","Khoa Công Nghệ Thông Tin",4.2375,3.2,53,8,"Yeu","Co"
350,"125001014","Sinh viên mẫu 125001014","25CT111","Khoa Công Nghệ Thông Tin",3.865,2.8,66,13,"Yeu","Co"
351,"125001015","Sinh viên mẫu 125001015","24CT111","Khoa Công Nghệ Thông Tin",6.7875,2.3,72,3,"Kha","Khong"
352,"125001016","Sinh viên mẫu 125001016","25CT112","Khoa Công Nghệ Thông Tin",9.0075,2.0,86,0,"Xuat sac","Khong"
353,"125001017","Sinh viên mẫu 125001017","24CT111","Khoa Công Nghệ Thông Tin",8.442499999999999,2.7,97,2,"Xuat sac","Khong"
354,"125001018","Sinh viên mẫu 125001018","24CT111","Khoa Công Nghệ Thông Tin",8.127500000000001,3.0,85,1,"Xuat sac","Khong"
355,"125001019","Sinh viên mẫu 125001019","24CT111","Khoa Công Nghệ Thông Tin",7.737500000000001,3.1,94,4,"Xuat sac","Khong"
356,"125001020","Sinh viên mẫu 125001020","24CT111","Khoa Công Nghệ Thông Tin",8.2675,3.1,86,3,"Xuat sac","Khong"
357,"125001021","Sinh viên mẫu 125001021","24CT111","Khoa Công Nghệ Thông Tin",6.835,3.0,72,3,"Kha","Khong"
358,"125001022","Sinh viên mẫu 125001022","25CT112","Khoa Công Nghệ Thông Tin",7.8125,2.6,81,2,"Xuat sac","Khong"
359,"125001023","Sinh viên mẫu 125001023","25CT111","Khoa Công Nghệ Thông Tin",6.09,4.2,82,10,"Yeu","Co"
360,"125001024","Sinh viên mẫu 125001024","25CT113","Khoa Công Nghệ Thông Tin",7.845,3.5,82,6,"Trung binh","Co"
361,"125001025","Sinh viên mẫu 125001025","25CT112","Khoa Công Nghệ Thông Tin",9.655000000000001,3.1,92,0,"Xuat sac","Khong"
362,"125001026","Sinh viên mẫu 125001026","25CT113","Khoa Công Nghệ Thông Tin",6.7075000000000005,3.5,76,4,"Trung binh","Khong"
363,"125001027","Sinh viên mẫu 125001027","25CT112","Khoa Công Nghệ Thông Tin",5.6225,3.3,53,14,"Yeu","Co"
364,"125001028","Sinh viên mẫu 125001028","24CT111","Khoa Công Nghệ Thông Tin",6.9725,3.5,75,2,"Kha","Khong"
365,"125001029","Sinh viên mẫu 125001029","25CT113","Khoa Công Nghệ Thông Tin",6.2575,3.3,62,7,"Yeu","Co"
366,"125001030","Sinh viên mẫu 125001030","25CT111","Khoa Công Nghệ Thông Tin",4.88,3.5,62,9,"Yeu","Co"
367,"125001031","Sinh viên mẫu 125001031","24CT112","Khoa Công Nghệ Thông Tin",4.9775,3.6,74,17,"Yeu","Co"
368,"125001032","Sinh viên mẫu 125001032","25CT112","Khoa Công Nghệ Thông Tin",4.057499999999999,2.5,64,12,"Yeu","Co"
369,"125001033","Sinh viên mẫu 125001033","25CT113","Khoa Công Nghệ Thông Tin",6.35,2.5,81,8,"Yeu","Co"
370,"125001034","Sinh viên mẫu 125001034","25CT113","Khoa Công Nghệ Thông Tin",7.3625,3.7,88,5,"Trung binh","Co"
371,"125001035","Sinh viên mẫu 125001035","25CT113","Khoa Công Nghệ Thông Tin",8.1175,1.7,91,5,"Trung binh","Co"
372,"125001036","Sinh viên mẫu 125001036","24CT111","Khoa Công Nghệ Thông Tin",8.552499999999998,2.4,92,3,"Xuat sac","Khong"
373,"125001037","Sinh viên mẫu 125001037","25CT112","Khoa Công Nghệ Thông Tin",8.629999999999999,3.4,91,2,"Xuat sac","Khong"
374,"125001038","Sinh viên mẫu 125001038","25CT112","Khoa Công Nghệ Thông Tin",6.2575,3.3,83,10,"Yeu","Co"
375,"125001039","Sinh viên mẫu 125001039","25CT112","Khoa Công Nghệ Thông Tin",7.4325,2.7,94,6,"Trung binh","Co"
376,"125001040","Sinh viên mẫu 125001040","24CT111","Khoa Công Nghệ Thông Tin",7.825,2.1,78,6,"Trung binh","Co"
377,"125001041","Sinh viên mẫu 125001041","25CT112","Khoa Công Nghệ Thông Tin",9.075,0.3,95,0,"Yeu","Co"
378,"125001042","Sinh viên mẫu 125001042","24CT111","Khoa Công Nghệ Thông Tin",8.302499999999998,1.4,76,4,"Kha","Khong"
379,"125001043","Sinh viên mẫu 125001043","25CT112","Khoa Công Nghệ Thông Tin",7.4325,2.9,77,4,"Kha","Khong"
380,"125001044","Sinh viên mẫu 125001044","24CT112","Khoa Công Nghệ Thông Tin",6.68,3.2,61,4,"Trung binh","Khong"
381,"125001045","Sinh viên mẫu 125001045","24CT111","Khoa Công Nghệ Thông Tin",8.8625,3.8,87,0,"Xuat sac","Khong"
382,"125001046","Sinh viên mẫu 125001046","24CT112","Khoa Công Nghệ Thông Tin",8.51,2.4,100,3,"Xuat sac","Khong"
383,"125001047","Sinh viên mẫu 125001047","25CT113","Khoa Công Nghệ Thông Tin",6.807499999999999,2.8,67,7,"Yeu","Co"
384,"125001048","Sinh viên mẫu 125001048","25CT112","Khoa Công Nghệ Thông Tin",8.72,3.2,92,0,"Xuat sac","Khong"
385,"125001049","Sinh viên mẫu 125001049","25CT113","Khoa Công Nghệ Thông Tin",7.585,3.1,85,5,"Trung binh","Co"
386,"125001050","Sinh viên mẫu 125001050","25CT113","Khoa Công Nghệ Thông Tin",9.5775,2.3,89,0,"Xuat sac","Khong"
387,"125001051","Sinh viên mẫu 125001051","25CT111","Khoa Công Nghệ Thông Tin",8.3425,3.1,82,6,"Trung binh","Co"
388,"125001052","Sinh viên mẫu 125001052","25CT112","Khoa Công Nghệ Thông Tin",4.745,3.4,54,20,"Yeu","Co"
389,"125001053","Sinh viên mẫu 125001053","25CT112","Khoa Công Nghệ Thông Tin",8.18,3.0,85,4,"Xuat sac","Khong"
390,"125001054","Sinh viên mẫu 125001054","25CT112","Khoa Công Nghệ Thông Tin",7.54,3.1,80,1,"Xuat sac","Khong"
391,"125001055","Sinh viên mẫu 125001055","24CT112","Khoa Công Nghệ Thông Tin",7.055,2.9,84,7,"Yeu","Co"
392,"125001056","Sinh viên mẫu 125001056","25CT112","Khoa Công Nghệ Thông Tin",7.6375,3.4,77,2,"Kha","Khong"
393,"125001057","Sinh viên mẫu 125001057","24CT111","Khoa Công Nghệ Thông Tin",6.645,3.6,75,9,"Yeu","Co"
394,"125001058","Sinh viên mẫu 125001058","24CT111","Khoa Công Nghệ Thông Tin",6.5425,3.5,73,10,"Yeu","Co"
395,"125001059","Sinh viên mẫu 125001059","25CT111","Khoa Công Nghệ Thông Tin",8.752500000000001,3.1,92,2,"Xuat sac","Khong"
396,"125001060","Sinh viên mẫu 125001060","25CT112","Khoa Công Nghệ Thông Tin",7.11,2.6,87,6,"Yeu","Co"
397,"125001061","Sinh viên mẫu 125001061","25CT113","Khoa Công Nghệ Thông Tin",7.3100000000000005,3.1,77,8,"Yeu","Co"
398,"125001062","Sinh viên mẫu 125001062","24CT111","Khoa Công Nghệ Thông Tin",9.6175,3.5,88,1,"Xuat sac","Khong"
399,"125001063","Sinh viên mẫu 125001063","24CT112","Khoa Công Nghệ Thông Tin",7.3275,2.3,92,6,"Trung binh","Co"
400,"125001064","Sinh viên mẫu 125001064","25CT112","Khoa Công Nghệ Thông Tin",5.0475,3.2,80,3,"Trung binh","Khong"
401,"125001065","Sinh viên mẫu 125001065","25CT111","Khoa Công Nghệ Thông Tin",5.695,3.0,73,8,"Yeu","Co"
402,"125001066","Sinh viên mẫu 125001066","25CT111","Khoa Công Nghệ Thông Tin",6.545,4.1,74,7,"Yeu","Co"
403,"125001067","Sinh viên mẫu 125001067","25CT111","Khoa Công Nghệ Thông Tin",5.0275,2.4,52,20,"Yeu","Co"
404,"125001068","Sinh viên mẫu 125001068","24CT111","Khoa Công Nghệ Thông Tin",7.385,2.1,78,2,"Kha","Khong"
405,"125001069","Sinh viên mẫu 125001069","24CT111","Khoa Công Nghệ Thông Tin",2.68,3.3,49,11,"Yeu","Co"
406,"125001070","Sinh viên mẫu 125001070","24CT112","Khoa Công Nghệ Thông Tin",5.12,2.8,53,17,"Yeu","Co"
407,"125001071","Sinh viên mẫu 125001071","25CT113","Khoa Công Nghệ Thông Tin",6.3875,2.8,80,4,"Trung binh","Khong"
408,"125001072","Sinh viên mẫu 125001072","24CT111","Khoa Công Nghệ Thông Tin",6.78,3.0,62,5,"Yeu","Co"
409,"125001073","Sinh viên mẫu 125001073","25CT113","Khoa Công Nghệ Thông Tin",3.5574999999999997,2.8,66,11,"Yeu","Co"
410,"125001074","Sinh viên mẫu 125001074","24CT111","Khoa Công Nghệ Thông Tin",8.6575,3.4,87,2,"Xuat sac","Khong"
411,"125001075","Sinh viên mẫu 125001075","25CT113","Khoa Công Nghệ Thông Tin",9.147499999999999,3.8,86,0,"Xuat sac","Khong"
412,"125001076","Sinh viên mẫu 125001076","25CT112","Khoa Công Nghệ Thông Tin",8.3275,3.1,84,1,"Xuat sac","Khong"
413,"125001077","Sinh viên mẫu 125001077","24CT111","Khoa Công Nghệ Thông Tin",7.925,3.0,89,2,"Xuat sac","Khong"
414,"125001078","Sinh viên mẫu 125001078","25CT113","Khoa Công Nghệ Thông Tin",5.375,2.9,71,6,"Yeu","Co"
415,"125001079","Sinh viên mẫu 125001079","25CT113","Khoa Công Nghệ Thông Tin",8.555,2.2,99,1,"Xuat sac","Khong"
416,"125001080","Sinh viên mẫu 125001080","24CT112","Khoa Công Nghệ Thông Tin",6.930000000000001,2.3,76,5,"Yeu","Co"
417,"125001081","Sinh viên mẫu 125001081","25CT111","Khoa Công Nghệ Thông Tin",7.2125,4.1,76,7,"Yeu","Co"
418,"125001082","Sinh viên mẫu 125001082","24CT111","Khoa Công Nghệ Thông Tin",8.2025,2.3,99,3,"Xuat sac","Khong"
419,"125001083","Sinh viên mẫu 125001083","25CT113","Khoa Công Nghệ Thông Tin",3.5775,2.8,66,19,"Yeu","Co"
420,"125001084","Sinh viên mẫu 125001084","24CT112","Khoa Công Nghệ Thông Tin",5.8025,2.8,66,4,"Trung binh","Khong"
421,"125001085","Sinh viên mẫu 125001085","25CT111","Khoa Công Nghệ Thông Tin",7.26,3.6,84,4,"Kha","Khong"
422,"125001086","Sinh viên mẫu 125001086","25CT113","Khoa Công Nghệ Thông Tin",9.700000000000001,2.3,96,0,"Xuat sac","Khong"
423,"125001087","Sinh viên mẫu 125001087","25CT113","Khoa Công Nghệ Thông Tin",7.157500000000001,2.7,80,1,"Kha","Khong"
424,"125001088","Sinh viên mẫu 125001088","25CT111","Khoa Công Nghệ Thông Tin",7.11,3.2,95,1,"Xuat sac","Khong"
425,"125001089","Sinh viên mẫu 125001089","24CT112","Khoa Công Nghệ Thông Tin",5.1975,3.2,83,9,"Yeu","Co"
426,"125001090","Sinh viên mẫu 125001090","24CT111","Khoa Công Nghệ Thông Tin",5.989999999999999,3.4,80,8,"Yeu","Co"
427,"125001091","Sinh viên mẫu 125001091","25CT113","Khoa Công Nghệ Thông Tin",7.38,3.0,90,3,"Kha","Khong"
428,"125001092","Sinh viên mẫu 125001092","25CT112","Khoa Công Nghệ Thông Tin",7.3425,3.0,79,8,"Yeu","Co"
429,"125001093","Sinh viên mẫu 125001093","25CT111","Khoa Công Nghệ Thông Tin",8.2375,3.2,90,5,"Trung binh","Co"
430,"125001094","Sinh viên mẫu 125001094","24CT111","Khoa Công Nghệ Thông Tin",7.0425,3.3,82,10,"Yeu","Co"
431,"125001095","Sinh viên mẫu 125001095","24CT111","Khoa Công Nghệ Thông Tin",8.870000000000001,3.6,92,0,"Xuat sac","Khong"
432,"125001096","Sinh viên mẫu 125001096","24CT111","Khoa Công Nghệ Thông Tin",7.585,3.2,88,1,"Xuat sac","Khong"
433,"125001097","Sinh viên mẫu 125001097","24CT111","Khoa Công Nghệ Thông Tin",8.629999999999999,2.8,89,5,"Trung binh","Co"
434,"125001098","Sinh viên mẫu 125001098","24CT111","Khoa Công Nghệ Thông Tin",7.945,2.9,91,5,"Trung binh","Co"
435,"125001099","Sinh viên mẫu 125001099","25CT112","Khoa Công Nghệ Thông Tin",5.9825,3.4,67,8,"Yeu","Co"
436,"125001100","Sinh viên mẫu 125001100","25CT111","Khoa Công Nghệ Thông Tin",7.012500000000001,3.4,92,5,"Yeu","Co"
437,"125001101","Sinh viên mẫu 125001101","25CT113","Khoa Công Nghệ Thông Tin",7.952500000000001,3.6,91,2,"Xuat sac","Khong"
438,"125001102","Sinh viên mẫu 125001102","25CT113","Khoa Công Nghệ Thông Tin",9.6475,3.5,99,2,"Xuat sac","Khong"
439,"125001103","Sinh viên mẫu 125001103","25CT113","Khoa Công Nghệ Thông Tin",6.4399999999999995,2.6,85,6,"Yeu","Co"
440,"125001104","Sinh viên mẫu 125001104","25CT112","Khoa Công Nghệ Thông Tin",7.305,3.1,81,1,"Xuat sac","Khong"
441,"125001105","Sinh viên mẫu 125001105","24CT111","Khoa Công Nghệ Thông Tin",8.785,2.7,96,1,"Xuat sac","Khong"
442,"125001106","Sinh viên mẫu 125001106","25CT111","Khoa Công Nghệ Thông Tin",5.81,2.8,67,8,"Yeu","Co"
443,"125001107","Sinh viên mẫu 125001107","24CT111","Khoa Công Nghệ Thông Tin",4.217499999999999,2.8,55,14,"Yeu","Co"
444,"125001108","Sinh viên mẫu 125001108","25CT111","Khoa Công Nghệ Thông Tin",5.3100000000000005,3.7,64,15,"Yeu","Co"
445,"125001109","Sinh viên mẫu 125001109","24CT112","Khoa Công Nghệ Thông Tin",8.22,2.8,88,2,"Xuat sac","Khong"
446,"125001110","Sinh viên mẫu 125001110","24CT111","Khoa Công Nghệ Thông Tin",7.2375,3.6,76,6,"Yeu","Co"
447,"125001111","Sinh viên mẫu 125001111","24CT112","Khoa Công Nghệ Thông Tin",5.1075,3.1,76,5,"Yeu","Co"
448,"125001112","Sinh viên mẫu 125001112","25CT112","Khoa Công Nghệ Thông Tin",6.49,2.8,82,6,"Yeu","Co"
449,"125001113","Sinh viên mẫu 125001113","25CT112","Khoa Công Nghệ Thông Tin",5.58,3.3,83,9,"Yeu","Co"
450,"125001114","Sinh viên mẫu 125001114","25CT112","Khoa Công Nghệ Thông Tin",6.33,3.0,68,9,"Yeu","Co"
451,"125001115","Sinh viên mẫu 125001115","25CT112","Khoa Công Nghệ Thông Tin",7.7075,2.9,87,6,"Trung binh","Co"
452,"125001116","Sinh viên mẫu 125001116","25CT111","Khoa Công Nghệ Thông Tin",9.405,3.6,89,0,"Xuat sac","Khong"
453,"125001117","Sinh viên mẫu 125001117","24CT112","Khoa Công Nghệ Thông Tin",3.3475,2.6,55,16,"Yeu","Co"
454,"125001118","Sinh viên mẫu 125001118","24CT112","Khoa Công Nghệ Thông Tin",3.305,2.3,52,13,"Yeu","Co"
455,"125001119","Sinh viên mẫu 125001119","25CT112","Khoa Công Nghệ Thông Tin",8.1325,2.7,81,1,"Xuat sac","Khong"
456,"125001120","Sinh viên mẫu 125001120","25CT112","Khoa Công Nghệ Thông Tin",7.0475,3.7,80,4,"Kha","Khong"
457,"125001121","Sinh viên mẫu 125001121","25CT111","Khoa Công Nghệ Thông Tin",5.692500000000001,2.5,76,7,"Yeu","Co"
458,"125001122","Sinh viên mẫu 125001122","25CT113","Khoa Công Nghệ Thông Tin",2.4124999999999996,2.9,66,16,"Yeu","Co"
459,"125001123","Sinh viên mẫu 125001123","25CT112","Khoa Công Nghệ Thông Tin",6.55,3.6,67,8,"Yeu","Co"
460,"125001124","Sinh viên mẫu 125001124","25CT111","Khoa Công Nghệ Thông Tin",8.4775,3.5,84,2,"Xuat sac","Khong"
461,"125001125","Sinh viên mẫu 125001125","25CT113","Khoa Công Nghệ Thông Tin",3.5075000000000003,3.0,48,18,"Yeu","Co"
462,"125001126","Sinh viên mẫu 125001126","25CT112","Khoa Công Nghệ Thông Tin",6.83,3.5,93,4,"Kha","Khong"
463,"125001127","Sinh viên mẫu 125001127","24CT112","Khoa Công Nghệ Thông Tin",7.405,3.0,83,5,"Trung binh","Co"
464,"125001128","Sinh viên mẫu 125001128","25CT111","Khoa Công Nghệ Thông Tin",5.9275,3.6,75,3,"Trung binh","Khong"
465,"125001129","Sinh viên mẫu 125001129","24CT112","Khoa Công Nghệ Thông Tin",2.6850000000000005,2.4,70,12,"Yeu","Co"
466,"125001130","Sinh viên mẫu 125001130","25CT112","Khoa Công Nghệ Thông Tin",3.875,2.4,75,17,"Yeu","Co"
467,"125001131","Sinh viên mẫu 125001131","24CT111","Khoa Công Nghệ Thông Tin",6.5225,3.6,85,7,"Yeu","Co"
468,"125001132","Sinh viên mẫu 125001132","24CT112","Khoa Công Nghệ Thông Tin",8.4025,3.2,86,2,"Xuat sac","Khong"
469,"125001133","Sinh viên mẫu 125001133","25CT112","Khoa Công Nghệ Thông Tin",8.2975,3.3,84,4,"Kha","Khong"
470,"125001134","Sinh viên mẫu 125001134","24CT112","Khoa Công Nghệ Thông Tin",7.8275,3.6,92,2,"Xuat sac","Khong"
471,"125001135","Sinh viên mẫu 125001135","24CT111","Khoa Công Nghệ Thông Tin",8.64,2.5,93,2,"Xuat sac","Khong"
472,"125001136","Sinh viên mẫu 125001136","25CT111","Khoa Công Nghệ Thông Tin",9.17,3.3,97,2,"Xuat sac","Khong"
473,"125001137","Sinh viên mẫu 125001137","24CT112","Khoa Công Nghệ Thông Tin",7.4725,3.3,86,3,"Kha","Khong"
474,"125001138","Sinh viên mẫu 125001138","25CT111","Khoa Công Nghệ Thông Tin",8.5125,3.1,90,2,"Xuat sac","Khong"
475,"125001139","Sinh viên mẫu 125001139","24CT112","Khoa Công Nghệ Thông Tin",9.2675,3.4,98,2,"Xuat sac","Khong"
476,"125001140","Sinh viên mẫu 125001140","24CT111","Khoa Công Nghệ Thông Tin",6.35,2.7,71,8,"Yeu","Co"
477,"125001141","Sinh viên mẫu 125001141","25CT112","Khoa Công Nghệ Thông Tin",4.105,2.4,58,20,"Yeu","Co"
478,"125001142","Sinh viên mẫu 125001142","25CT112","Khoa Công Nghệ Thông Tin",8.7675,2.9,97,2,"Xuat sac","Khong"
479,"125001143","Sinh viên mẫu 125001143","25CT112","Khoa Công Nghệ Thông Tin",8.1225,2.3,78,6,"Trung binh","Co"
480,"125001144","Sinh viên mẫu 125001144","25CT113","Khoa Công Nghệ Thông Tin",7.11,2.9,85,3,"Kha","Khong"
481,"125001145","Sinh viên mẫu 125001145","25CT111","Khoa Công Nghệ Thông Tin",8.147499999999999,2.8,86,1,"Xuat sac","Khong"
482,"125001146","Sinh viên mẫu 125001146","25CT111","Khoa Công Nghệ Thông Tin",9.5575,2.9,87,0,"Xuat sac","Khong"
483,"125001147","Sinh viên mẫu 125001147","24CT112","Khoa Công Nghệ Thông Tin",5.2225,3.0,43,11,"Yeu","Co"
484,"125001148","Sinh viên mẫu 125001148","25CT113","Khoa Công Nghệ Thông Tin",8.66,3.1,81,3,"Xuat sac","Khong"
485,"125001149","Sinh viên mẫu 125001149","25CT111","Khoa Công Nghệ Thông Tin",5.48,3.0,67,6,"Yeu","Co"
486,"125001150","Sinh viên mẫu 125001150","25CT112","Khoa Công Nghệ Thông Tin",7.0825000000000005,2.3,76,9,"Yeu","Co"
487,"125001151","Sinh viên mẫu 125001151","25CT113","Khoa Công Nghệ Thông Tin",7.237500000000001,2.9,86,5,"Trung binh","Co"
488,"125001152","Sinh viên mẫu 125001152","24CT112","Khoa Công Nghệ Thông Tin",5.675000000000001,3.1,61,5,"Yeu","Co"
489,"125001153","Sinh viên mẫu 125001153","25CT113","Khoa Công Nghệ Thông Tin",6.782500000000001,2.2,83,3,"Kha","Khong"
490,"125001154","Sinh viên mẫu 125001154","25CT112","Khoa Công Nghệ Thông Tin",5.547499999999999,2.5,74,12,"Yeu","Co"
491,"125001155","Sinh viên mẫu 125001155","25CT111","Khoa Công Nghệ Thông Tin",8.6675,3.0,87,1,"Xuat sac","Khong"
492,"125001156","Sinh viên mẫu 125001156","24CT112","Khoa Công Nghệ Thông Tin",6.27,2.8,66,3,"Trung binh","Khong"
493,"125001157","Sinh viên mẫu 125001157","25CT113","Khoa Công Nghệ Thông Tin",8.387500000000001,3.0,84,1,"Xuat sac","Khong"
494,"125001158","Sinh viên mẫu 125001158","25CT111","Khoa Công Nghệ Thông Tin",8.030000000000001,2.6,76,5,"Trung binh","Co"
495,"125001159","Sinh viên mẫu 125001159","25CT111","Khoa Công Nghệ Thông Tin",9.0275,0.3,96,1,"Yeu","Co"
496,"125001160","Sinh viên mẫu 125001160","24CT112","Khoa Công Nghệ Thông Tin",7.550000000000001,2.8,83,1,"Kha","Khong"
497,"125001161","Sinh viên mẫu 125001161","25CT113","Khoa Công Nghệ Thông Tin",9.745000000000001,2.0,86,2,"Xuat sac","Khong"
498,"125001162","Sinh viên mẫu 125001162","25CT113","Khoa Công Nghệ Thông Tin",7.397499999999999,2.4,78,5,"Trung binh","Co"
499,"125001163","Sinh viên mẫu 125001163","25CT113","Khoa Công Nghệ Thông Tin",6,3.0,70,3,"Trung binh","Khong"
500,"125001164","Sinh viên mẫu 125001164","25CT112","Khoa Công Nghệ Thông Tin",8.3025,3.4,91,1,"Xuat sac","Khong"
501,"125001165","Sinh viên mẫu 125001165","25CT113","Khoa Công Nghệ Thông Tin",7.3100000000000005,3.5,68,8,"Yeu","Co"
502,"125001166","Sinh viên mẫu 125001166","25CT112","Khoa Công Nghệ Thông Tin",5.387499999999999,2.3,71,4,"Trung binh","Khong"
503,"125001167","Sinh viên mẫu 125001167","24CT111","Khoa Công Nghệ Thông Tin",4.89,4.0,65,18,"Yeu","Co"
504,"125001168","Sinh viên mẫu 125001168","24CT112","Khoa Công Nghệ Thông Tin",7.577500000000001,2.9,84,2,"Xuat sac","Khong"
505,"125001169","Sinh viên mẫu 125001169","24CT111","Khoa Công Nghệ Thông Tin",6.6625000000000005,3.0,78,10,"Yeu","Co"
506,"125001170","Sinh viên mẫu 125001170","24CT111","Khoa Công Nghệ Thông Tin",7.36,3.4,86,6,"Trung binh","Co"
507,"125001171","Sinh viên mẫu 125001171","24CT111","Khoa Công Nghệ Thông Tin",5.0875,3.3,63,9,"Yeu","Co"
508,"125001172","Sinh viên mẫu 125001172","25CT111","Khoa Công Nghệ Thông Tin",6.62,3.4,74,6,"Yeu","Co"
509,"125001173","Sinh viên mẫu 125001173","25CT113","Khoa Công Nghệ Thông Tin",6.4275,2.0,60,10,"Yeu","Co"
510,"125001174","Sinh viên mẫu 125001174","25CT113","Khoa Công Nghệ Thông Tin",9.5025,3.2,85,0,"Xuat sac","Khong"
511,"125001175","Sinh viên mẫu 125001175","25CT113","Khoa Công Nghệ Thông Tin",5.5175,3.6,64,9,"Yeu","Co"
512,"125001176","Sinh viên mẫu 125001176","25CT111","Khoa Công Nghệ Thông Tin",8.8225,2.9,91,1,"Xuat sac","Khong"
513,"125001177","Sinh viên mẫu 125001177","24CT111","Khoa Công Nghệ Thông Tin",7.635,3.2,90,6,"Trung binh","Co"
514,"125001178","Sinh viên mẫu 125001178","25CT111","Khoa Công Nghệ Thông Tin",7.3925,2.6,78,4,"Kha","Khong"
515,"125001179","Sinh viên mẫu 125001179","24CT111","Khoa Công Nghệ Thông Tin",4.855,2.9,57,17,"Yeu","Co"
516,"125001180","Sinh viên mẫu 125001180","25CT111","Khoa Công Nghệ Thông Tin",6.359999999999999,3.1,75,10,"Yeu","Co"
517,"125001181","Sinh viên mẫu 125001181","25CT112","Khoa Công Nghệ Thông Tin",6.735,2.3,60,3,"Trung binh","Khong"
518,"125001182","Sinh viên mẫu 125001182","25CT112","Khoa Công Nghệ Thông Tin",6.6875,3.5,64,8,"Yeu","Co"
519,"125001183","Sinh viên mẫu 125001183","25CT111","Khoa Công Nghệ Thông Tin",5.7625,3.4,72,4,"Trung binh","Khong"
520,"125001184","Sinh viên mẫu 125001184","25CT111","Khoa Công Nghệ Thông Tin",5.905,2.7,80,10,"Yeu","Co"
521,"125001185","Sinh viên mẫu 125001185","24CT111","Khoa Công Nghệ Thông Tin",7.7075,2.9,83,2,"Kha","Khong"
522,"125001186","Sinh viên mẫu 125001186","25CT112","Khoa Công Nghệ Thông Tin",7.017499999999999,3.7,90,6,"Yeu","Co"
523,"125001187","Sinh viên mẫu 125001187","25CT111","Khoa Công Nghệ Thông Tin",7.3725,3.3,60,7,"Yeu","Co"
524,"125001188","Sinh viên mẫu 125001188","25CT111","Khoa Công Nghệ Thông Tin",7.217499999999999,3.3,77,3,"Kha","Khong"
525,"125001189","Sinh viên mẫu 125001189","24CT111","Khoa Công Nghệ Thông Tin",7.57,2.6,92,4,"Kha","Khong"
526,"125001190","Sinh viên mẫu 125001190","25CT112","Khoa Công Nghệ Thông Tin",9.36,2.8,85,1,"Xuat sac","Khong"
527,"125001191","Sinh viên mẫu 125001191","24CT112","Khoa Công Nghệ Thông Tin",9.22,0.3,98,1,"Yeu","Co"
528,"125001192","Sinh viên mẫu 125001192","24CT111","Khoa Công Nghệ Thông Tin",4.992500000000001,2.5,74,20,"Yeu","Co"
529,"125001193","Sinh viên mẫu 125001193","25CT112","Khoa Công Nghệ Thông Tin",6.1,3.5,75,3,"Trung binh","Khong"
530,"125001194","Sinh viên mẫu 125001194","24CT111","Khoa Công Nghệ Thông Tin",7.975,1.8,82,5,"Trung binh","Co"
531,"125001195","Sinh viên mẫu 125001195","25CT113","Khoa Công Nghệ Thông Tin",7.195,2.7,85,6,"Yeu","Co"
532,"125001196","Sinh viên mẫu 125001196","24CT112","Khoa Công Nghệ Thông Tin",5.664999999999999,2.3,67,4,"Trung binh","Khong"
533,"125001197","Sinh viên mẫu 125001197","25CT113","Khoa Công Nghệ Thông Tin",4.5600000000000005,2.6,69,16,"Yeu","Co"
534,"125001198","Sinh viên mẫu 125001198","25CT113","Khoa Công Nghệ Thông Tin",7.315,3.0,90,1,"Xuat sac","Khong"
535,"125001199","Sinh viên mẫu 125001199","25CT113","Khoa Công Nghệ Thông Tin",6.5925,3.1,66,4,"Trung binh","Khong"
536,"125001200","Sinh viên mẫu 125001200","25CT111","Khoa Công Nghệ Thông Tin",6.2725,3.0,69,7,"Yeu","Co"
537,"125001201","Sinh viên mẫu 125001201","24CT111","Khoa Công Nghệ Thông Tin",7.827500000000001,3.1,77,2,"Kha","Khong"
538,"125001202","Sinh viên mẫu 125001202","24CT111","Khoa Công Nghệ Thông Tin",7.005,3.1,76,1,"Kha","Khong"
539,"125001203","Sinh viên mẫu 125001203","25CT113","Khoa Công Nghệ Thông Tin",5.98,3.2,61,7,"Yeu","Co"
540,"125001204","Sinh viên mẫu 125001204","25CT113","Khoa Công Nghệ Thông Tin",6.5024999999999995,2.7,69,4,"Trung binh","Khong"
541,"125001205","Sinh viên mẫu 125001205","25CT113","Khoa Công Nghệ Thông Tin",7.7775,2.7,85,6,"Trung binh","Co"
542,"125001206","Sinh viên mẫu 125001206","25CT113","Khoa Công Nghệ Thông Tin",8.4625,3.1,84,5,"Trung binh","Co"
543,"125001207","Sinh viên mẫu 125001207","24CT112","Khoa Công Nghệ Thông Tin",6.4075,3.6,68,9,"Yeu","Co"
544,"125001208","Sinh viên mẫu 125001208","25CT113","Khoa Công Nghệ Thông Tin",4.37,3.5,41,9,"Yeu","Co"
545,"125001209","Sinh viên mẫu 125001209","25CT112","Khoa Công Nghệ Thông Tin",6.2325,3.7,64,5,"Yeu","Co"
546,"125001210","Sinh viên mẫu 125001210","24CT111","Khoa Công Nghệ Thông Tin",8.114999999999998,3.0,82,6,"Trung binh","Co"
547,"125001211","Sinh viên mẫu 125001211","24CT111","Khoa Công Nghệ Thông Tin",9.625,2.7,97,2,"Xuat sac","Khong"
548,"125001212","Sinh viên mẫu 125001212","24CT112","Khoa Công Nghệ Thông Tin",7.1675,3.0,78,5,"Yeu","Co"
549,"125001213","Sinh viên mẫu 125001213","24CT111","Khoa Công Nghệ Thông Tin",7.7875,2.8,94,6,"Trung binh","Co"
550,"125001214","Sinh viên mẫu 125001214","24CT112","Khoa Công Nghệ Thông Tin",3.42,3.4,64,18,"Yeu","Co"
551,"125001215","Sinh viên mẫu 125001215","24CT111","Khoa Công Nghệ Thông Tin",8.345,3.3,93,2,"Xuat sac","Khong"
552,"125001216","Sinh viên mẫu 125001216","24CT112","Khoa Công Nghệ Thông Tin",7.305000000000001,2.8,84,2,"Kha","Khong"
553,"125001217","Sinh viên mẫu 125001217","25CT112","Khoa Công Nghệ Thông Tin",6.285,3.3,77,8,"Yeu","Co"
554,"125001218","Sinh viên mẫu 125001218","24CT112","Khoa Công Nghệ Thông Tin",5.93,3.4,61,4,"Trung binh","Khong"
555,"125001219","Sinh viên mẫu 125001219","24CT112","Khoa Công Nghệ Thông Tin",4.0025,3.5,60,14,"Yeu","Co"
556,"125001220","Sinh viên mẫu 125001220","25CT112","Khoa Công Nghệ Thông Tin",7.1125,2.8,76,1,"Kha","Khong"
557,"125001221","Sinh viên mẫu 125001221","25CT111","Khoa Công Nghệ Thông Tin",8.45,2.6,95,3,"Xuat sac","Khong"
558,"125001222","Sinh viên mẫu 125001222","24CT112","Khoa Công Nghệ Thông Tin",3.225,2.6,69,20,"Yeu","Co"
559,"125001223","Sinh viên mẫu 125001223","24CT111","Khoa Công Nghệ Thông Tin",7.56,3.3,89,6,"Trung binh","Co"
560,"125001224","Sinh viên mẫu 125001224","24CT112","Khoa Công Nghệ Thông Tin",8.3025,2.8,92,6,"Trung binh","Co"
561,"125001225","Sinh viên mẫu 125001225","25CT112","Khoa Công Nghệ Thông Tin",8.285,3.9,77,2,"Xuat sac","Khong"
562,"125001226","Sinh viên mẫu 125001226","24CT111","Khoa Công Nghệ Thông Tin",6.4775,3.0,78,10,"Yeu","Co"
563,"125001227","Sinh viên mẫu 125001227","24CT112","Khoa Công Nghệ Thông Tin",9.5975,3.3,97,2,"Xuat sac","Khong"
564,"125001228","Sinh viên mẫu 125001228","25CT112","Khoa Công Nghệ Thông Tin",6.199999999999999,2.4,81,5,"Yeu","Co"
565,"125001229","Sinh viên mẫu 125001229","24CT112","Khoa Công Nghệ Thông Tin",9.275,2.7,89,2,"Xuat sac","Khong"
566,"125001230","Sinh viên mẫu 125001230","25CT112","Khoa Công Nghệ Thông Tin",8.5275,2.9,90,1,"Xuat sac","Khong"
567,"125001231","Sinh viên mẫu 125001231","25CT112","Khoa Công Nghệ Thông Tin",5.9825,3.4,84,4,"Trung binh","Khong"
568,"125001232","Sinh viên mẫu 125001232","24CT111","Khoa Công Nghệ Thông Tin",5.9425,3.7,62,3,"Trung binh","Khong"
569,"125001233","Sinh viên mẫu 125001233","24CT112","Khoa Công Nghệ Thông Tin",6.6075,3.6,74,7,"Yeu","Co"
570,"125001234","Sinh viên mẫu 125001234","25CT111","Khoa Công Nghệ Thông Tin",5.8675,2.4,65,3,"Trung binh","Khong"
571,"125001235","Sinh viên mẫu 125001235","25CT112","Khoa Công Nghệ Thông Tin",7.6674999999999995,2.8,85,5,"Trung binh","Co"
572,"125001236","Sinh viên mẫu 125001236","25CT112","Khoa Công Nghệ Thông Tin",9.0225,3.0,86,3,"Xuat sac","Khong"
573,"125001237","Sinh viên mẫu 125001237","24CT111","Khoa Công Nghệ Thông Tin",5.797499999999999,3.6,79,10,"Yeu","Co"
574,"125001238","Sinh viên mẫu 125001238","24CT111","Khoa Công Nghệ Thông Tin",5.125,3.3,53,10,"Yeu","Co"
575,"125001239","Sinh viên mẫu 125001239","25CT113","Khoa Công Nghệ Thông Tin",7.132499999999999,2.9,79,6,"Yeu","Co"
576,"125001240","Sinh viên mẫu 125001240","25CT113","Khoa Công Nghệ Thông Tin",6.79,2.9,72,3,"Kha","Khong"
577,"125001241","Sinh viên mẫu 125001241","24CT111","Khoa Công Nghệ Thông Tin",8.1625,3.0,92,3,"Xuat sac","Khong"
578,"125001242","Sinh viên mẫu 125001242","25CT112","Khoa Công Nghệ Thông Tin",7.652500000000001,3.0,87,6,"Trung binh","Co"
579,"125001243","Sinh viên mẫu 125001243","24CT111","Khoa Công Nghệ Thông Tin",8.205,3.0,85,6,"Trung binh","Co"
580,"125001244","Sinh viên mẫu 125001244","25CT113","Khoa Công Nghệ Thông Tin",9.3275,2.9,91,1,"Xuat sac","Khong"
581,"125001245","Sinh viên mẫu 125001245","25CT112","Khoa Công Nghệ Thông Tin",8.315000000000001,2.7,98,1,"Xuat sac","Khong"
582,"125001246","Sinh viên mẫu 125001246","24CT111","Khoa Công Nghệ Thông Tin",5.8275,2.6,75,6,"Yeu","Co"
583,"125001247","Sinh viên mẫu 125001247","24CT111","Khoa Công Nghệ Thông Tin",7.055,2.6,78,10,"Yeu","Co"
584,"125001248","Sinh viên mẫu 125001248","24CT112","Khoa Công Nghệ Thông Tin",9.545,2.9,90,3,"Xuat sac","Khong"
585,"125001249","Sinh viên mẫu 125001249","24CT112","Khoa Công Nghệ Thông Tin",8.0075,3.0,91,4,"Xuat sac","Khong"
586,"125001250","Sinh viên mẫu 125001250","25CT112","Khoa Công Nghệ Thông Tin",7.405,2.9,94,1,"Xuat sac","Khong"
587,"125001251","Sinh viên mẫu 125001251","25CT112","Khoa Công Nghệ Thông Tin",9.4475,3.1,90,1,"Xuat sac","Khong"
588,"125001252","Sinh viên mẫu 125001252","24CT112","Khoa Công Nghệ Thông Tin",8.125,2.7,84,5,"Trung binh","Co"
589,"125001253","Sinh viên mẫu 125001253","25CT112","Khoa Công Nghệ Thông Tin",4.455,2.5,55,14,"Yeu","Co"
590,"125001254","Sinh viên mẫu 125001254","25CT112","Khoa Công Nghệ Thông Tin",5.422499999999999,2.7,76,10,"Yeu","Co"
591,"125001255","Sinh viên mẫu 125001255","25CT112","Khoa Công Nghệ Thông Tin",6.027500000000001,2.4,71,5,"Yeu","Co"
592,"125001256","Sinh viên mẫu 125001256","25CT112","Khoa Công Nghệ Thông Tin",7.67,2.2,92,2,"Xuat sac","Khong"
593,"125001257","Sinh viên mẫu 125001257","25CT111","Khoa Công Nghệ Thông Tin",8.709999999999999,3.6,77,5,"Trung binh","Co"
594,"125001258","Sinh viên mẫu 125001258","25CT113","Khoa Công Nghệ Thông Tin",5.0175,3.9,66,9,"Yeu","Co"
595,"125001259","Sinh viên mẫu 125001259","25CT113","Khoa Công Nghệ Thông Tin",6.735,3.1,85,6,"Yeu","Co"
596,"125001260","Sinh viên mẫu 125001260","25CT111","Khoa Công Nghệ Thông Tin",7.2825,3.8,92,4,"Kha","Khong"
597,"125001261","Sinh viên mẫu 125001261","25CT113","Khoa Công Nghệ Thông Tin",5.5725,2.4,65,3,"Trung binh","Khong"
598,"125001262","Sinh viên mẫu 125001262","24CT111","Khoa Công Nghệ Thông Tin",6.6525,3.1,66,3,"Trung binh","Khong"
599,"125001263","Sinh viên mẫu 125001263","24CT112","Khoa Công Nghệ Thông Tin",4.4125,2.6,53,12,"Yeu","Co"
600,"125001264","Sinh viên mẫu 125001264","24CT112","Khoa Công Nghệ Thông Tin",3.2175000000000002,2.5,42,10,"Yeu","Co"
601,"125001265","Sinh viên mẫu 125001265","25CT113","Khoa Công Nghệ Thông Tin",8.7575,2.8,92,2,"Xuat sac","Khong"
602,"125001266","Sinh viên mẫu 125001266","24CT112","Khoa Công Nghệ Thông Tin",4.18,3.2,54,11,"Yeu","Co"
603,"125001267","Sinh viên mẫu 125001267","24CT112","Khoa Công Nghệ Thông Tin",3.2525,2.4,64,16,"Yeu","Co"
604,"125001268","Sinh viên mẫu 125001268","25CT111","Khoa Công Nghệ Thông Tin",8.2325,2.0,94,5,"Trung binh","Co"
605,"125001269","Sinh viên mẫu 125001269","25CT112","Khoa Công Nghệ Thông Tin",7.94,3.0,91,2,"Xuat sac","Khong"
606,"125001270","Sinh viên mẫu 125001270","25CT112","Khoa Công Nghệ Thông Tin",8.4125,3.4,97,1,"Xuat sac","Khong"
607,"125001271","Sinh viên mẫu 125001271","25CT112","Khoa Công Nghệ Thông Tin",9.2225,3.7,98,0,"Xuat sac","Khong"
608,"125001272","Sinh viên mẫu 125001272","25CT112","Khoa Công Nghệ Thông Tin",7.21,2.7,84,2,"Kha","Khong"
609,"125001273","Sinh viên mẫu 125001273","25CT112","Khoa Công Nghệ Thông Tin",6.5375000000000005,2.9,77,4,"Trung binh","Khong"
610,"125001274","Sinh viên mẫu 125001274","25CT113","Khoa Công Nghệ Thông Tin",7.1425,3.2,86,3,"Kha","Khong"
611,"125001275","Sinh viên mẫu 125001275","25CT113","Khoa Công Nghệ Thông Tin",7.8025,2.8,86,1,"Xuat sac","Khong"
612,"125001276","Sinh viên mẫu 125001276","24CT111","Khoa Công Nghệ Thông Tin",6.955,2.8,71,3,"Kha","Khong"
613,"125001277","Sinh viên mẫu 125001277","24CT112","Khoa Công Nghệ Thông Tin",9.6875,3.3,93,0,"Xuat sac","Khong"
614,"125001278","Sinh viên mẫu 125001278","25CT112","Khoa Công Nghệ Thông Tin",5.5375000000000005,2.3,68,16,"Yeu","Co"
615,"125001279","Sinh viên mẫu 125001279","25CT111","Khoa Công Nghệ Thông Tin",7.222500000000001,3.1,77,9,"Yeu","Co"
616,"125001280","Sinh viên mẫu 125001280","24CT111","Khoa Công Nghệ Thông Tin",9.8525,3.0,90,1,"Xuat sac","Khong"
617,"125001281","Sinh viên mẫu 125001281","25CT113","Khoa Công Nghệ Thông Tin",7.6000000000000005,3.3,86,2,"Xuat sac","Khong"
618,"125001282","Sinh viên mẫu 125001282","24CT111","Khoa Công Nghệ Thông Tin",6.0175,3.4,77,7,"Yeu","Co"
619,"125001283","Sinh viên mẫu 125001283","24CT112","Khoa Công Nghệ Thông Tin",6.432499999999999,3.0,66,5,"Yeu","Co"
620,"125001284","Sinh viên mẫu 125001284","25CT111","Khoa Công Nghệ Thông Tin",8.4575,2.6,90,1,"Xuat sac","Khong"
621,"125001285","Sinh viên mẫu 125001285","25CT112","Khoa Công Nghệ Thông Tin",5.345000000000001,3.1,69,8,"Yeu","Co"
622,"125001286","Sinh viên mẫu 125001286","25CT111","Khoa Công Nghệ Thông Tin",4.9175,3.3,71,20,"Yeu","Co"
623,"125001287","Sinh viên mẫu 125001287","25CT111","Khoa Công Nghệ Thông Tin",4.18,3.0,54,17,"Yeu","Co"
624,"125001288","Sinh viên mẫu 125001288","24CT112","Khoa Công Nghệ Thông Tin",7.4575,3.1,88,3,"Xuat sac","Khong"
625,"125001289","Sinh viên mẫu 125001289","24CT111","Khoa Công Nghệ Thông Tin",7.175,3.0,88,4,"Kha","Khong"
626,"125001290","Sinh viên mẫu 125001290","24CT111","Khoa Công Nghệ Thông Tin",7.734999999999999,2.3,75,1,"Xuat sac","Khong"
627,"125001291","Sinh viên mẫu 125001291","25CT113","Khoa Công Nghệ Thông Tin",3.3075,2.8,59,8,"Yeu","Co"
628,"125001292","Sinh viên mẫu 125001292","24CT111","Khoa Công Nghệ Thông Tin",7.0024999999999995,3.3,76,2,"Kha","Khong"
629,"125001293","Sinh viên mẫu 125001293","25CT111","Khoa Công Nghệ Thông Tin",3.2925,2.6,43,10,"Yeu","Co"
630,"125001294","Sinh viên mẫu 125001294","24CT112","Khoa Công Nghệ Thông Tin",7.085,2.1,86,2,"Kha","Khong"
631,"125001295","Sinh viên mẫu 125001295","24CT111","Khoa Công Nghệ Thông Tin",8.695,0.3,87,1,"Yeu","Co"
632,"125001296","Sinh viên mẫu 125001296","25CT113","Khoa Công Nghệ Thông Tin",7.5649999999999995,2.6,94,3,"Xuat sac","Khong"
633,"125001297","Sinh viên mẫu 125001297","25CT113","Khoa Công Nghệ Thông Tin",4.9625,2.9,65,3,"Trung binh","Khong"
634,"125001298","Sinh viên mẫu 125001298","25CT113","Khoa Công Nghệ Thông Tin",8.274999999999999,3.5,78,5,"Trung binh","Co"
635,"125001299","Sinh viên mẫu 125001299","24CT111","Khoa Công Nghệ Thông Tin",6.797499999999999,2.3,66,4,"Trung binh","Khong"
636,"125001300","Sinh viên mẫu 125001300","24CT111","Khoa Công Nghệ Thông Tin",2.27,2.8,70,14,"Yeu","Co"
637,"125001301","Sinh viên mẫu 125001301","24CT111","Khoa Công Nghệ Thông Tin",7.744999999999999,2.4,91,1,"Xuat sac","Khong"
638,"125001302","Sinh viên mẫu 125001302","25CT113","Khoa Công Nghệ Thông Tin",2.535,3.0,67,14,"Yeu","Co"
639,"125001303","Sinh viên mẫu 125001303","25CT112","Khoa Công Nghệ Thông Tin",9.625,0.3,86,1,"Yeu","Co"
640,"125001304","Sinh viên mẫu 125001304","24CT112","Khoa Công Nghệ Thông Tin",6.2625,2.5,60,8,"Yeu","Co"
641,"125001305","Sinh viên mẫu 125001305","25CT112","Khoa Công Nghệ Thông Tin",7.0525,2.4,75,4,"Kha","Khong"
642,"125001306","Sinh viên mẫu 125001306","25CT112","Khoa Công Nghệ Thông Tin",7.54,4.3,93,4,"Kha","Khong"
643,"125001307","Sinh viên mẫu 125001307","25CT112","Khoa Công Nghệ Thông Tin",8.4975,3.2,96,1,"Xuat sac","Khong"
644,"125001308","Sinh viên mẫu 125001308","24CT111","Khoa Công Nghệ Thông Tin",8.584999999999999,2.6,97,3,"Xuat sac","Khong"
645,"125001309","Sinh viên mẫu 125001309","25CT112","Khoa Công Nghệ Thông Tin",9.6475,2.5,88,0,"Xuat sac","Khong"
646,"125001310","Sinh viên mẫu 125001310","24CT111","Khoa Công Nghệ Thông Tin",5.955,3.8,74,7,"Yeu","Co"
647,"125001311","Sinh viên mẫu 125001311","25CT113","Khoa Công Nghệ Thông Tin",4.0225,2.7,42,10,"Yeu","Co"
648,"125001312","Sinh viên mẫu 125001312","25CT112","Khoa Công Nghệ Thông Tin",8.83,2.0,93,0,"Xuat sac","Khong"
649,"125001313","Sinh viên mẫu 125001313","24CT111","Khoa Công Nghệ Thông Tin",3.9974999999999996,3.8,52,8,"Yeu","Co"
650,"125001314","Sinh viên mẫu 125001314","24CT112","Khoa Công Nghệ Thông Tin",9.85,2.9,91,0,"Xuat sac","Khong"
651,"125001315","Sinh viên mẫu 125001315","25CT112","Khoa Công Nghệ Thông Tin",7.5625,3.9,90,2,"Xuat sac","Khong"
652,"125001316","Sinh viên mẫu 125001316","24CT112","Khoa Công Nghệ Thông Tin",7.355,3.3,84,5,"Trung binh","Co"
653,"125001317","Sinh viên mẫu 125001317","25CT113","Khoa Công Nghệ Thông Tin",7.0325,2.5,88,6,"Yeu","Co"
654,"125001318","Sinh viên mẫu 125001318","24CT111","Khoa Công Nghệ Thông Tin",7.145,3.5,81,5,"Yeu","Co"
655,"125001319","Sinh viên mẫu 125001319","24CT112","Khoa Công Nghệ Thông Tin",8.5225,2.5,97,2,"Xuat sac","Khong"
656,"125001320","Sinh viên mẫu 125001320","25CT112","Khoa Công Nghệ Thông Tin",8.6875,3.5,100,2,"Xuat sac","Khong"

"TONG KET:","Tong: 656","Xuat sac: 128","Kha: 75","Trung binh: 127","Yeu: 325","Bat thuong: 395"